{
	"song": {
		"sectionLengths": [],
		"player1": "coolbf",
		"events": [
			[
				10909.0909090909,
				[
					[
						"Change Character",
						"0",
						"coolerbf"
					]
				]
			]
		],
		"gfVersion": "gf",
		"player2": "gf",
		"notes": [
			{
				"sectionNotes": [
					[
						1022.72727272727,
						2,
						0
					],
					[
						1193.18181818182,
						3,
						0
					],
					[
						1363.63636363636,
						1,
						0
					],
					[
						1363.63636363636,
						0,
						0
					],
					[
						1704.54545454545,
						3,
						0
					],
					[
						1875,
						2,
						0
					],
					[
						2045.45454545455,
						1,
						0
					],
					[
						2045.45454545455,
						0,
						0
					],
					[
						2386.36363636364,
						1,
						0
					],
					[
						2386.36363636364,
						2,
						0
					]
				],
				"lengthInSteps": 16,
				"typeOfSection": 0,
				"mustHitSection": false
			},
			{
				"sectionNotes": [
					[
						2727.27272727273,
						2,
						0
					],
					[
						2727.27272727273,
						3,
						0
					],
					[
						3409.09090909091,
						1,
						0
					],
					[
						3750,
						2,
						0
					],
					[
						4090.90909090909,
						0,
						0
					],
					[
						4261.36363636364,
						1,
						0
					],
					[
						4431.81818181818,
						3,
						0
					],
					[
						4602.27272727273,
						2,
						0
					],
					[
						4772.72727272727,
						3,
						0
					],
					[
						4943.18181818182,
						1,
						0
					],
					[
						5113.63636363636,
						2,
						0
					]
				],
				"lengthInSteps": 16,
				"typeOfSection": 0,
				"mustHitSection": false
			},
			{
				"sectionNotes": [
					[
						5454.54545454545,
						0,
						0
					],
					[
						6818.18181818182,
						3,
						0
					],
					[
						7159.09090909091,
						1,
						0
					],
					[
						6818.18181818182,
						2,
						0
					],
					[
						7329.54545454545,
						2,
						0
					],
					[
						7500,
						0,
						0
					],
					[
						7840.90909090909,
						1,
						0
					]
				],
				"lengthInSteps": 16,
				"typeOfSection": 0,
				"mustHitSection": false
			},
			{
				"sectionNotes": [
					[
						8181.81818181818,
						3,
						0
					],
					[
						9204.54545454545,
						0,
						170.454545454545
					],
					[
						9545.45454545455,
						2,
						0
					],
					[
						9715.90909090909,
						1,
						0
					],
					[
						10568.1818181818,
						3,
						0
					],
					[
						10738.6363636364,
						2,
						0
					],
					[
						9886.36363636364,
						3,
						170.454545454545
					],
					[
						10227.2727272727,
						0,
						170.454545454545
					]
				],
				"lengthInSteps": 16,
				"typeOfSection": 0,
				"mustHitSection": false
			},
			{
				"sectionNotes": [
					[
						10909.0909090909,
						4,
						0
					],
					[
						11079.5454545455,
						6,
						0
					],
					[
						11250,
						5,
						0
					],
					[
						11420.4545454545,
						7,
						0
					],
					[
						11590.9090909091,
						5,
						0
					],
					[
						11761.3636363636,
						6,
						0
					],
					[
						11931.8181818182,
						4,
						0
					],
					[
						12102.2727272727,
						5,
						0
					],
					[
						11250,
						1,
						0
					],
					[
						11420.4545454545,
						2,
						0
					],
					[
						11420.4545454545,
						3,
						0
					],
					[
						11590.9090909091,
						0,
						0
					],
					[
						11761.3636363636,
						1,
						0
					],
					[
						11931.8181818182,
						3,
						0
					],
					[
						12102.2727272727,
						2,
						0
					],
					[
						12272.7272727273,
						1,
						0
					],
					[
						12272.7272727273,
						0,
						170.454545454545
					],
					[
						12613.6363636364,
						1,
						0
					],
					[
						12784.0909090909,
						3,
						0
					],
					[
						12954.5454545455,
						2,
						0
					],
					[
						13125,
						0,
						0
					],
					[
						13295.4545454545,
						1,
						0
					],
					[
						13295.4545454545,
						3,
						0
					],
					[
						13465.9090909091,
						2,
						0
					]
				],
				"lengthInSteps": 16,
				"typeOfSection": 0,
				"mustHitSection": true
			},
			{
				"sectionNotes": [
					[
						13636.3636363636,
						0,
						170.454545454545
					],
					[
						13636.3636363636,
						1,
						0
					],
					[
						13977.2727272727,
						2,
						0
					],
					[
						13977.2727272727,
						3,
						170.454545454545
					],
					[
						14318.1818181818,
						2,
						0
					],
					[
						14488.6363636364,
						0,
						0
					],
					[
						14488.6363636364,
						3,
						0
					],
					[
						14659.0909090909,
						1,
						0
					],
					[
						14659.0909090909,
						2,
						170.454545454545
					],
					[
						15000,
						3,
						0
					],
					[
						15170.4545454545,
						1,
						0
					],
					[
						15340.9090909091,
						2,
						0
					],
					[
						15511.3636363636,
						0,
						0
					],
					[
						15681.8181818182,
						1,
						0
					],
					[
						15852.2727272727,
						2,
						0
					],
					[
						15852.2727272727,
						3,
						0
					],
					[
						16022.7272727273,
						0,
						0
					],
					[
						16193.1818181818,
						2,
						0
					]
				],
				"lengthInSteps": 16,
				"typeOfSection": 0,
				"mustHitSection": true
			},
			{
				"sectionNotes": [
					[
						16363.6363636364,
						1,
						0
					],
					[
						16363.6363636364,
						3,
						0
					],
					[
						16704.5454545455,
						2,
						0
					],
					[
						16704.5454545455,
						0,
						0
					],
					[
						16875,
						3,
						0
					],
					[
						17045.4545454545,
						1,
						0
					],
					[
						17045.4545454545,
						2,
						0
					],
					[
						17215.9090909091,
						0,
						0
					],
					[
						17386.3636363636,
						3,
						0
					],
					[
						17556.8181818182,
						1,
						0
					],
					[
						17727.2727272727,
						2,
						0
					],
					[
						17727.2727272727,
						0,
						170.454545454545
					],
					[
						18068.1818181818,
						3,
						0
					],
					[
						18238.6363636364,
						1,
						0
					],
					[
						18409.0909090909,
						2,
						0
					],
					[
						18579.5454545455,
						0,
						0
					],
					[
						18750,
						3,
						0
					],
					[
						18920.4545454545,
						1,
						0
					]
				],
				"lengthInSteps": 16,
				"typeOfSection": 0,
				"mustHitSection": true
			},
			{
				"sectionNotes": [
					[
						19090.9090909091,
						3,
						0
					],
					[
						19090.9090909091,
						2,
						170.454545454545
					],
					[
						19431.8181818182,
						0,
						0
					],
					[
						19602.2727272727,
						1,
						0
					],
					[
						19772.7272727273,
						0,
						0
					],
					[
						20113.6363636364,
						2,
						0
					],
					[
						20113.6363636364,
						3,
						0
					],
					[
						20284.0909090909,
						1,
						0
					],
					[
						20369.3181818182,
						1,
						0
					],
					[
						20454.5454545455,
						3,
						0
					],
					[
						20625,
						0,
						0
					],
					[
						20795.4545454545,
						2,
						0
					],
					[
						20965.9090909091,
						1,
						0
					],
					[
						21136.3636363636,
						3,
						0
					],
					[
						21306.8181818182,
						1,
						0
					],
					[
						21477.2727272727,
						0,
						0
					],
					[
						21647.7272727273,
						2,
						0
					],
					[
						21647.7272727273,
						3,
						0
					]
				],
				"lengthInSteps": 16,
				"typeOfSection": 0,